Zeitstempel,Metric Card that is evaluated on: Enter Number,"Structure: Is the metric card in terms of content logically structured? Does the formatting of the metric card enable an easier understanding? 

(1 - worst) requires fundamental revision 
(5 - best) fully meets expectations","Precision: Does the metric card provide an unambiguous understanding?

(1 - worst) requires fundamental revision 
(5 - best) fully meets expectations","Understandability: Is the metric card understandable such that the information can be easily grasped?

(1 - worst) requires fundamental revision 
(5 - best) fully meets expectations","Objectivity: Does the metric card present a balanced view of the model, acknowledging both its strengths and weaknesses?

(1 - worst) requires fundamental revision 
(5 - best) fully meets expectations","Usefulness: Does the metric card provide the reader with useful insights into the capabilities of the metric in relation to the test?

(1 - worst) requires fundamental revision 
(5 - best) fully meets expectations","Language: Is the metric card semantically and grammatically correct?

(1 - worst) requires fundamental revision 
(5 - best) fully meets expectations","Factual Accuracy: Does the metric card accurately reflect the information in the test results? Are there any contradictions regarding the given information? 

(1 - worst) requires fundamental revision 
(5 - best) fully meets expectations",Metric Card that is evaluated on: Enter Number,"Factual Accuracy: Does the metric card accurately reflect the information in the test results? Are there any contradictions regarding the given information? 

(1 - worst) requires fundamental revision 
(5 - best) fully meets expectations","Understandability: Is the metric card understandable such that the information can be easily grasped?

(1 - worst) requires fundamental revision 
(5 - best) fully meets expectations","Objectivity: Does the metric card present a balanced view of the model, acknowledging both its strengths and weaknesses?

(1 - worst) requires fundamental revision 
(5 - best) fully meets expectations","Precision: Does the metric card provide an unambiguous understanding?

(1 - worst) requires fundamental revision 
(5 - best) fully meets expectations","Usefulness: Does the metric card provide the reader with useful insights into the capabilities of the metric in relation to the test?

(1 - worst) requires fundamental revision 
(5 - best) fully meets expectations","Structure: Is the metric card in terms of content logically structured? Does the formatting of the metric card enable an easier understanding? 

(1 - worst) requires fundamental revision 
(5 - best) fully meets expectations","Language: Is the metric card semantically and grammatically correct?

(1 - worst) requires fundamental revision 
(5 - best) fully meets expectations",Metric Card that is evaluated on: Enter Number,"Language: Is the metric card semantically and grammatically correct?

(1 - worst) requires fundamental revision 
(5 - best) fully meets expectations","Usefulness: Does the metric card provide the reader with useful insights into the capabilities of the metric in relation to the test?

(1 - worst) requires fundamental revision 
(5 - best) fully meets expectations","Factual Accuracy: Does the metric card accurately reflect the information in the test results? Are there any contradictions regarding the given information? 

(1 - worst) requires fundamental revision 
(5 - best) fully meets expectations","Understandability: Is the metric card understandable such that the information can be easily grasped?

(1 - worst) requires fundamental revision 
(5 - best) fully meets expectations","Structure: Is the metric card in terms of content logically structured? Does the formatting of the metric card enable an easier understanding? 

(1 - worst) requires fundamental revision 
(5 - best) fully meets expectations","Objectivity: Does the metric card present a balanced view of the model, acknowledging both its strengths and weaknesses?

(1 - worst) requires fundamental revision 
(5 - best) fully meets expectations","Precision: Does the metric card provide an unambiguous understanding?

(1 - worst) requires fundamental revision 
(5 - best) fully meets expectations",Metric Card that is evaluated on: Enter Number,"Precision: Does the metric card provide an unambiguous understanding?

(1 - worst) requires fundamental revision 
(5 - best) fully meets expectations","Language: Is the metric card semantically and grammatically correct?

(1 - worst) requires fundamental revision 
(5 - best) fully meets expectations","Structure: Is the metric card in terms of content logically structured? Does the formatting of the metric card enable an easier understanding? 

(1 - worst) requires fundamental revision 
(5 - best) fully meets expectations","Understandability: Is the metric card understandable such that the information can be easily grasped?

(1 - worst) requires fundamental revision 
(5 - best) fully meets expectations","Usefulness: Does the metric card provide the reader with useful insights into the capabilities of the metric in relation to the test?

(1 - worst) requires fundamental revision 
(5 - best) fully meets expectations","Objectivity: Does the metric card present a balanced view of the model, acknowledging both its strengths and weaknesses?

(1 - worst) requires fundamental revision 
(5 - best) fully meets expectations","Factual Accuracy: Does the metric card accurately reflect the information in the test results? Are there any contradictions regarding the given information? 

(1 - worst) requires fundamental revision 
(5 - best) fully meets expectations",Metric Card that is evaluated on: Enter Number,"Objectivity: Does the metric card present a balanced view of the model, acknowledging both its strengths and weaknesses?

(1 - worst) requires fundamental revision 
(5 - best) fully meets expectations","Understandability: Is the metric card understandable such that the information can be easily grasped?

(1 - worst) requires fundamental revision 
(5 - best) fully meets expectations","Factual Accuracy: Does the metric card accurately reflect the information in the test results? Are there any contradictions regarding the given information? 

(1 - worst) requires fundamental revision 
(5 - best) fully meets expectations","Usefulness: Does the metric card provide the reader with useful insights into the capabilities of the metric in relation to the test?

(1 - worst) requires fundamental revision 
(5 - best) fully meets expectations","Structure: Is the metric card in terms of content logically structured? Does the formatting of the metric card enable an easier understanding? 

(1 - worst) requires fundamental revision 
(5 - best) fully meets expectations","Precision: Does the metric card provide an unambiguous understanding?

(1 - worst) requires fundamental revision 
(5 - best) fully meets expectations","Language: Is the metric card semantically and grammatically correct?

(1 - worst) requires fundamental revision 
(5 - best) fully meets expectations",Metric Card that is evaluated on: Enter Number,"Understandability: Is the metric card understandable such that the information can be easily grasped?

(1 - worst) requires fundamental revision 
(5 - best) fully meets expectations","Usefulness: Does the metric card provide the reader with useful insights into the capabilities of the metric in relation to the test?

(1 - worst) requires fundamental revision 
(5 - best) fully meets expectations","Structure: Is the metric card in terms of content logically structured? Does the formatting of the metric card enable an easier understanding? 

(1 - worst) requires fundamental revision 
(5 - best) fully meets expectations","Factual Accuracy: Does the metric card accurately reflect the information in the test results? Are there any contradictions regarding the given information? 

(1 - worst) requires fundamental revision 
(5 - best) fully meets expectations","Precision: Does the metric card provide an unambiguous understanding?

(1 - worst) requires fundamental revision 
(5 - best) fully meets expectations","Objectivity: Does the metric card present a balanced view of the model, acknowledging both its strengths and weaknesses?

(1 - worst) requires fundamental revision 
(5 - best) fully meets expectations","Language: Is the metric card semantically and grammatically correct?

(1 - worst) requires fundamental revision 
(5 - best) fully meets expectations",Metric Card that is evaluated on: Enter Number,"Structure: Is the metric card in terms of content logically structured? Does the formatting of the metric card enable an easier understanding? 

(1 - worst) requires fundamental revision 
(5 - best) fully meets expectations","Language: Is the metric card semantically and grammatically correct?

(1 - worst) requires fundamental revision 
(5 - best) fully meets expectations","Usefulness: Does the metric card provide the reader with useful insights into the capabilities of the metric in relation to the test?

(1 - worst) requires fundamental revision 
(5 - best) fully meets expectations","Factual Accuracy: Does the metric card accurately reflect the information in the test results? Are there any contradictions regarding the given information? 

(1 - worst) requires fundamental revision 
(5 - best) fully meets expectations","Understandability: Is the metric card understandable such that the information can be easily grasped?

(1 - worst) requires fundamental revision 
(5 - best) fully meets expectations","Precision: Does the metric card provide an unambiguous understanding?

(1 - worst) requires fundamental revision 
(5 - best) fully meets expectations","Objectivity: Does the metric card present a balanced view of the model, acknowledging both its strengths and weaknesses?

(1 - worst) requires fundamental revision 
(5 - best) fully meets expectations",Metric Card that is evaluated on: Enter Number,"Objectivity: Does the metric card present a balanced view of the model, acknowledging both its strengths and weaknesses?

(1 - worst) requires fundamental revision 
(5 - best) fully meets expectations","Structure: Is the metric card in terms of content logically structured? Does the formatting of the metric card enable an easier understanding? 

(1 - worst) requires fundamental revision 
(5 - best) fully meets expectations","Factual Accuracy: Does the metric card accurately reflect the information in the test results? Are there any contradictions regarding the given information? 

(1 - worst) requires fundamental revision 
(5 - best) fully meets expectations","Usefulness: Does the metric card provide the reader with useful insights into the capabilities of the metric in relation to the test?

(1 - worst) requires fundamental revision 
(5 - best) fully meets expectations","Precision: Does the metric card provide an unambiguous understanding?

(1 - worst) requires fundamental revision 
(5 - best) fully meets expectations","Understandability: Is the metric card understandable such that the information can be easily grasped?

(1 - worst) requires fundamental revision 
(5 - best) fully meets expectations","Language: Is the metric card semantically and grammatically correct?

(1 - worst) requires fundamental revision 
(5 - best) fully meets expectations"
26.04.2026 15:37:37,3-Rouge-L,(4) mostly meets expectations,(4) mostly meets expectations,(4) mostly meets expectations,(2) requires major revision,(2) requires major revision,(4) mostly meets expectations,(5) fully meets expectations,6-Rouge-L,(4) mostly meets expectations,(3) partially meets expectations/moderate revision needed,(4) mostly meets expectations,(4) mostly meets expectations,(2) requires major revision,(3) partially meets expectations/moderate revision needed,(2) requires major revision,7-Rouge-L,(5) fully meets expectations,(2) requires major revision,(5) fully meets expectations,(5) fully meets expectations,(4) mostly meets expectations,(3) partially meets expectations/moderate revision needed,(4) mostly meets expectations,8-Rouge-L,(3) partially meets expectations/moderate revision needed,(5) fully meets expectations,(2) requires major revision,(2) requires major revision,(2) requires major revision,(4) mostly meets expectations,(3) partially meets expectations/moderate revision needed,1-BARTScore-avg-f,(4) mostly meets expectations,(3) partially meets expectations/moderate revision needed,(5) fully meets expectations,(3) partially meets expectations/moderate revision needed,(5) fully meets expectations,(5) fully meets expectations,(4) mostly meets expectations,2-BARTScore-avg-f,(4) mostly meets expectations,(2) requires major revision,(4) mostly meets expectations,(3) partially meets expectations/moderate revision needed,(2) requires major revision,(3) partially meets expectations/moderate revision needed,(3) partially meets expectations/moderate revision needed,4-BARTScore-avg-f,(4) mostly meets expectations,(5) fully meets expectations,(3) partially meets expectations/moderate revision needed,(5) fully meets expectations,(2) requires major revision,(4) mostly meets expectations,(4) mostly meets expectations,5-BARTScore-avg-f,(2) requires major revision,(2) requires major revision,(5) fully meets expectations,(3) partially meets expectations/moderate revision needed,(4) mostly meets expectations,(2) requires major revision,(5) fully meets expectations
28.04.2026 18:08:38,3 - ROUGE-L,(4) mostly meets expectations,(3) partially meets expectations/moderate revision needed,(3) partially meets expectations/moderate revision needed,(2) requires major revision,(3) partially meets expectations/moderate revision needed,(2) requires major revision,(4) mostly meets expectations,6 - ROUGE-L,(4) mostly meets expectations,(2) requires major revision,(3) partially meets expectations/moderate revision needed,(2) requires major revision,(2) requires major revision,(3) partially meets expectations/moderate revision needed,(2) requires major revision,7 - ROUGE-L,(3) partially meets expectations/moderate revision needed,(4) mostly meets expectations,(4) mostly meets expectations,(4) mostly meets expectations,(5) fully meets expectations,(4) mostly meets expectations,(3) partially meets expectations/moderate revision needed,8 - ROUGE-L,(3) partially meets expectations/moderate revision needed,(4) mostly meets expectations,(5) fully meets expectations,(4) mostly meets expectations,(4) mostly meets expectations,(4) mostly meets expectations,(3) partially meets expectations/moderate revision needed,BARTScore-avg-f,(4) mostly meets expectations,(3) partially meets expectations/moderate revision needed,(2) requires major revision,(4) mostly meets expectations,(5) fully meets expectations,(2) requires major revision,(3) partially meets expectations/moderate revision needed,2 - BARTScore-avg-f,(3) partially meets expectations/moderate revision needed,(3) partially meets expectations/moderate revision needed,(4) mostly meets expectations,(3) partially meets expectations/moderate revision needed,(2) requires major revision,(3) partially meets expectations/moderate revision needed,(2) requires major revision,4 - BARTScore-avg-f,(5) fully meets expectations,(4) mostly meets expectations,(3) partially meets expectations/moderate revision needed,(4) mostly meets expectations,(4) mostly meets expectations,(3) partially meets expectations/moderate revision needed,(4) mostly meets expectations,5 - BARTScore-avg-f,(4) mostly meets expectations,(3) partially meets expectations/moderate revision needed,(4) mostly meets expectations,(4) mostly meets expectations,(3) partially meets expectations/moderate revision needed,(4) mostly meets expectations,(4) mostly meets expectations